utilization_pct,supplier_reliability_pct,inventory_coverage_days,lead_time_days,demand_growth_pct,Demand,Supplier Failure,Inventory Shortage,Transportation Delay,Recovery Time,SLA Breach
87.0,91.0,19.0,6.0,8.0,3241.6,53.4,16.8,3.67,9.2,24.8
92.0,86.5,12.0,9.0,18.5,3362.1,71.2,9.7,5.24,13.8,46.1
78.0,97.0,22.0,4.0,4.2,3167.4,30.1,20.9,2.39,6.8,10.2
61.0,96.8,24.5,5.0,-2.0,3037.2,27.3,23.9,2.31,6.1,7.8
84.5,93.2,17.5,7.0,12.0,3269.0,46.8,15.6,3.47,8.7,19.6
95.0,82.0,8.5,14.0,30.0,3484.0,89.4,6.2,7.85,18.4,66.2
72.0,95.4,21.0,5.0,6.0,3159.4,34.8,19.6,2.75,7.2,12.8
89.0,88.0,14.0,10.0,15.0,3316.3,66.2,11.7,4.94,12.3,39.4
68.0,98.2,26.0,3.0,1.5,3099.8,24.4,25.4,1.98,5.6,5.9
81.0,92.5,18.0,6.0,9.5,3230.4,47.3,16.1,3.38,8.4,18.2
